<?xml version="1.0" encoding="utf-8"?>
<mosinstall version="4.6" type="language">
	<name>Thai</name>
	<version>4.6</version>
	<description>Thai Locale For Thailand</description>
	<creationdate>23-04-2007</creationdate>
	<author>Mambo Foundation Inc.</author>
	<authorurl>http://mambo-foundation.org</authorurl>
	<authoremail>translation@mambo-foundation.org</authoremail>
	<copyright>Refer to copyright.php</copyright>
	<license>http://www.gnu.org/copyleft/gpl.html GNU/GPL</license>
	<params>
		<param name="locale" type="text" default="th_TH.utf-8,th_TH,th,thai" label="Locale String" description="Locale string for setlocale() (eg. en, english)"></param>
		<param name="charset" type="text" default="utf-8" label="Character Set" description="Character set for this language."></param>
		<param name="text_direction" type="text" default="ltr" label="Text Direction" description="left-to-right or light-to-left"></param>
		<param name="date_format" type="text" default="%d %B %Y  %Rน." label="Date Format" description="Date format for strftime() (eg. %A, %d %B %Y)"></param>
		<param name="plural_form" type="text" default="nplurals=2; plural=n != 1;" label="Plural Forms" description="Plural Forms expression"></param>
	</params>
	<locale name="th_TH" title="Thai" territory="Thailand" locale="th_TH.utf-8,th_TH,th,thai" text_direction="ltr" iso639="th" iso3166_2="TH" iso3166_3="THA" charset="utf-8">
		<plural_form nplurals="2" plural="n != 1" expression="nplurals=2; plural=n != 1;"></plural_form>
		<date_format>%d %B %Y  %Rน.</date_format>
		<codesets>
			<charset>utf-8</charset>
			<charset>tis-620</charset>
		</codesets>
		<days sun="อา." mon="จ." tue="อ." wed="พ." thu="พฤ." fri="ศ." sat="ส."></days>
		<months jan="ม.ค." feb="ก.พ." mar="มี.ค." apr="เม.ย." may="พ.ค." jun="มิ.ย." jul="ก.ค." aug="ส.ค." sep="ก.ย." oct="ต.ค." nov="พ.ย." dec="ธ.ค."></months>
	</locale>
	<files>
		<filename domain="admin" strings="66" translated="66" fuzzy="0" percent="100" filetype="po">language/th_TH/admin.po</filename>
		<filename domain="administrator" strings="208" translated="208" fuzzy="0" percent="100" filetype="po">language/th_TH/administrator.po</filename>
		<filename domain="banners" strings="58" translated="58" fuzzy="0" percent="100" filetype="po">language/th_TH/banners.po</filename>
		<filename domain="categories" strings="79" translated="79" fuzzy="0" percent="100" filetype="po">language/th_TH/categories.po</filename>
		<filename domain="checkin" strings="8" translated="8" fuzzy="0" percent="100" filetype="po">language/th_TH/checkin.po</filename>
		<filename domain="comment" strings="26" translated="26" fuzzy="0" percent="100" filetype="po">language/th_TH/comment.po</filename>
		<filename domain="common" strings="136" translated="136" fuzzy="0" percent="100" filetype="po">language/th_TH/common.po</filename>
		<filename domain="config" strings="158" translated="158" fuzzy="0" percent="100" filetype="po">language/th_TH/config.po</filename>
		<filename domain="contact" strings="164" translated="164" fuzzy="0" percent="100" filetype="po">language/th_TH/contact.po</filename>
		<filename domain="containers" strings="22" translated="22" fuzzy="0" percent="100" filetype="po">language/th_TH/containers.po</filename>
		<filename domain="content" strings="260" translated="260" fuzzy="0" percent="100" filetype="po">language/th_TH/content.po</filename>
		<filename domain="frontend" strings="449" translated="407" fuzzy="0" percent="90.65" filetype="po">language/th_TH/frontend.po</filename>
		<filename domain="frontpage" strings="107" translated="107" fuzzy="0" percent="100" filetype="po">language/th_TH/frontpage.po</filename>
		<filename domain="installation" strings="137" translated="118" fuzzy="0" percent="86.13" filetype="po">language/th_TH/installation.po</filename>
		<filename domain="installer" strings="123" translated="123" fuzzy="0" percent="100" filetype="po">language/th_TH/installer.po</filename>
		<filename domain="languages" strings="87" translated="87" fuzzy="0" percent="100" filetype="po">language/th_TH/languages.po</filename>
		<filename domain="login" strings="53" translated="53" fuzzy="0" percent="100" filetype="po">language/th_TH/login.po</filename>
		<filename domain="mambots" strings="40" translated="40" fuzzy="0" percent="100" filetype="po">language/th_TH/mambots.po</filename>
		<filename domain="massmail" strings="17" translated="17" fuzzy="0" percent="100" filetype="po">language/th_TH/massmail.po</filename>
		<filename domain="media" strings="24" translated="24" fuzzy="0" percent="100" filetype="po">language/th_TH/media.po</filename>
		<filename domain="menumanager" strings="42" translated="42" fuzzy="0" percent="100" filetype="po">language/th_TH/menumanager.po</filename>
		<filename domain="menus" strings="295" translated="295" fuzzy="0" percent="100" filetype="po">language/th_TH/menus.po</filename>
		<filename domain="messages" strings="27" translated="27" fuzzy="0" percent="100" filetype="po">language/th_TH/messages.po</filename>
		<filename domain="modules" strings="59" translated="59" fuzzy="0" percent="100" filetype="po">language/th_TH/modules.po</filename>
		<filename domain="mostlyce" strings="79" translated="14" fuzzy="0" percent="17.72" filetype="po">language/th_TH/mostlyce.po</filename>
		<filename domain="mostlydbadmin" strings="57" translated="32" fuzzy="0" percent="56.14" filetype="po">language/th_TH/mostlydbadmin.po</filename>
		<filename domain="newsfeeds" strings="37" translated="37" fuzzy="0" percent="100" filetype="po">language/th_TH/newsfeeds.po</filename>
		<filename domain="poll" strings="53" translated="53" fuzzy="0" percent="100" filetype="po">language/th_TH/poll.po</filename>
		<filename domain="registration" strings="46" translated="46" fuzzy="0" percent="100" filetype="po">language/th_TH/registration.po</filename>
		<filename domain="rss" strings="0" translated="0" fuzzy="0" percent="0" filetype="po">language/th_TH/rss.po</filename>
		<filename domain="search" strings="27" translated="27" fuzzy="0" percent="100" filetype="po">language/th_TH/search.po</filename>
		<filename domain="sections" strings="73" translated="73" fuzzy="0" percent="100" filetype="po">language/th_TH/sections.po</filename>
		<filename domain="statistics" strings="17" translated="17" fuzzy="0" percent="100" filetype="po">language/th_TH/statistics.po</filename>
		<filename domain="syndicate" strings="48" translated="48" fuzzy="0" percent="100" filetype="po">language/th_TH/syndicate.po</filename>
		<filename domain="templates" strings="34" translated="34" fuzzy="0" percent="100" filetype="po">language/th_TH/templates.po</filename>
		<filename domain="trash" strings="25" translated="25" fuzzy="0" percent="100" filetype="po">language/th_TH/trash.po</filename>
		<filename domain="typedcontent" strings="151" translated="151" fuzzy="0" percent="100" filetype="po">language/th_TH/typedcontent.po</filename>
		<filename domain="user" strings="26" translated="26" fuzzy="0" percent="100" filetype="po">language/th_TH/user.po</filename>
		<filename domain="users" strings="60" translated="60" fuzzy="0" percent="100" filetype="po">language/th_TH/users.po</filename>
		<filename domain="weblinks" strings="47" translated="47" fuzzy="0" percent="100" filetype="po">language/th_TH/weblinks.po</filename>
		<filename domain="weblink_items" strings="7" translated="7" fuzzy="0" percent="100" filetype="po">language/th_TH/weblink_items.po</filename>
		<filename domain="wrapper" strings="1" translated="1" fuzzy="0" percent="100" filetype="po">language/th_TH/wrapper.po</filename>
		<filename domain="" strings="" translated="0" fuzzy="0" percent="" filetype="xml">language/th_TH.xml</filename>
		<filename domain="" strings="" translated="0" fuzzy="0" percent="" filetype="mo">language/th_TH/LC_MESSAGES/th_TH.mo</filename>
		<filename domain="" strings="" translated="0" fuzzy="0" percent="" filetype="gl">language/glossary/th_TH.utf-8.po</filename>
	</files>
</mosinstall>
