<?xml version="1.0" encoding="iso-8859-1"?>
<mosinstall type="module" version="4.6">
	<name>Poll</name>
	<author>Mambo Foundation</author>
	<creationDate>August 2006</creationDate>
	<copyright>copyright (C) 2000 - 2007 Mambo Foundation Inc.</copyright>
	<license>http://www.opensource.org/licenses/gpl-license.php GNU/GPL v.2</license>
	<authorEmail>core@mambo-foundation.org</authorEmail>
	<authorUrl>mambo-foundation.org</authorUrl>
	<version>1.1</version>
	<description>This module compliments the Polls component. It is used to display the configured polls. The module differs from other modules in as much as the Component supports linking between Menu Items and Polls. This means that the module shows only those Polls, which are configured for a certain Menu Item.</description>
	<files>
	<filename module="mod_poll">mod_poll.php</filename>
	<filename>mod_poll.xml</filename>
	</files>
	<params>
		<param name="cache" type="radio" default="0" label="Enable Cache" description="Select whether to cache the content of this module">
			<option value="0">No</option>
			<option value="1">Yes</option>
		</param>
		<param name="moduleclass_sfx" type="text" default="" label="Module Class Suffix" description="A suffix to be applied to the css class of the module (table.moduletable), this allows individual module styling" />
	</params>
</mosinstall>
