<?xml version="1.0" encoding="iso-8859-1"?>
<mosinstall version="4.6" type="mambot" group="content">
	<name>GeSHi</name>
	<author>Mambo Foundation</author>
	<creationDate>Sept 2007</creationDate>
	<copyright>copyright (C) 2005 - 2007 Mambo Foundation Inc.</copyright>
	<license>http://www.opensource.org/licenses/gpl-2.0.php GNU/GPL</license>
	<authorUrl>qbnz.com/highlighter</authorUrl>
	<version>4.6.x.7</version>
	<description>Displays formatted code in content items based on the GeSHi highlighting engine</description>
	<files>
		<filename mambot="geshi">geshi.php</filename>
		<filename>geshi.xml</filename>
		<filename>geshi/geshi.php</filename>
		<filename>geshi/geshi/css.php</filename>
		<filename>geshi/geshi/html4strict.php</filename>
		<filename>geshi/geshi/javascript.php</filename>
		<filename>geshi/geshi/mysql.php</filename>
		<filename>geshi/geshi/perl.php</filename>
		<filename>geshi/geshi/php.php</filename>
		<filename>geshi/geshi/php-brief.php</filename>
		<filename>geshi/geshi/python.php</filename>
		<filename>geshi/geshi/sql.php</filename>
		<filename>geshi/geshi/xml.php</filename>
	</files>
	<params/>
</mosinstall>
