<?xml version="1.0" encoding="iso-8859-1"?>
<mosinstall version="4.5.2" type="mambot" group="content">
	<name>mospaging</name>
	<author>Mambo Foundation</author>
	<creationDate>August 2004</creationDate>
	<copyright>copyright (C) 2000 - 2007 Mambo Foundation Inc.</copyright>
	<license>http://www.opensource.org/licenses/gpl-license.php GNU/GPL v.2</license>
	<authorEmail>core@mambo-foundation.org</authorEmail>
	<authorUrl>mambo-foundation.org</authorUrl>
	<version>4.6.x.7</version>
	<description>Add a Table of Contents functionality to a paginated item. Syntax: {mospagebreak} or {mospagebreak title=The page title} or {mospagebreak heading=The first page} or {mospagebreak title=The page title&heading=The first page} or {mospagebreak heading=The first page&title=The page title}</description>
	<files>
		<filename mambot="mospaging">mospaging.php</filename>
	</files>
	<params>
		<param name="title" type="radio" default="1" label="Site Title" description="title and heading attibutes from mambot added to Site Title tag">
			<option value="0">No</option>
			<option value="1">Yes</option>
		</param>
	</params>
</mosinstall>
