<?xml version="1.0" encoding="iso-8859-1"?>
<mosinstall version="4.5.2" type="mambot" group="content">
	<name>mossef</name>
	<author>Mambo Foundation</author>
	<creationDate>August 2004</creationDate>
	<copyright>copyright (C) 2000 - 2007 Mambo Foundation Inc.</copyright>
	<license>http://www.opensource.org/licenses/gpl-license.php GNU/GPL v.2</license>
	<authorEmail>core@mambo-foundation.org</authorEmail>
	<authorUrl>mambo-foundation.org</authorUrl>
	<version>4.6.x.7</version>
	<description>Adds SEF support to links in content items.  It operates directly on the html and does not require a special tag.</description>
	<files>
		<filename mambot="mossef">mossef.php</filename>
	</files>
	<params/>
</mosinstall>
