<?xml version="1.0" encoding="iso-8859-1"?>
<mosinstall version="4.6" type="mambot" group="content">
	<name>MOS Rating</name>
	<author>Mambo Foundation</author>
	<creationDate>Sept 2006</creationDate>
	<copyright>copyright (C) 2000 - 2007 Mambo Foundation Inc.</copyright>
	<license>http://www.opensource.org/licenses/gpl-license.php GNU/GPL v.2</license>
	<authorEmail>core@mambo-foundation.org</authorEmail>
	<authorUrl>mambo-foundation.org</authorUrl>
	<version>4.6.x.7</version>
	<description>Add the Voting functionality to Items</description>
	<files>
		<filename mambot="mosvote">mosvote.php</filename>
	</files>
	<params/>
</mosinstall>
