<?xml version="1.0" encoding="utf-8"?>
<install type="module" version="1.5.0">
    <name>Daily Forecast</name>
	<author>Joomla! Corner</author>
	<creationDate>February 2009</creationDate>
	<copyright>(C) 2005 - 2009 Joomla! Corner</copyright>
	<license>http://www.gnu.org/licenses/gpl-2.0.html GNU/GPL</license>
	<authorEmail>dev@joomlacorner.com</authorEmail>
	<authorUrl>www.joomlacorner.com</authorUrl>
	<version>1.0.0</version>
	<description>This module will display a daily forecast</description>
    <files>
        <filename module="mod_daily_forecast">mod_daily_forecast.php</filename>
        <filename>index.html</filename>
        <filename>helper.php</filename>
        <filename>tmpl/default.php</filename>
        <filename>tmpl/index.html</filename>
    </files>
	<params>
		<param name="moduleclass_sfx" type="text" default="" label="Module Class Suffix" description="PARAMMODULECLASSSUFFIX" />
		<param name="@spacer" type="spacer" default="" label="" description="" />
    </params>
</install>