<?xml version="1.0" encoding="iso-8859-1"?>
<mosinstall version="4.5.1" type="mambot" group="authenticator">
  <name>User Authenticator</name>
  <author>Mambo Foundation</author>
  <creationDate>5 January 2006</creationDate>
  <copyright>copyright (C) 2000 - 2007 Mambo Foundation Inc.</copyright>
	<license>http://www.opensource.org/licenses/gpl-license.php GNU/GPL v.2</license>
  <authorEmail>core@mambo-foundation.org</authorEmail>
  <authorUrl>mambo-foundation.org</authorUrl>
  <version>4.6.x.7</version>
  <description>Standard Mambo user credential validation</description>
  <files>
    <filename mambot="mosvaliduserbot">mosvaliduserbot.php</filename>
  </files>
  <params />
</mosinstall>
