<?xml version="1.0" ?>
<mosinstall type="component">
	<name>MOStlyDBAdmin</name>
	<creationDate>Sept 2007</creationDate>
	<author>Mambo Foundation</author>
	<copyright>This component if released under the GNU/GPL License</copyright>
	<authorEmail>core@mambo-foundation.org</authorEmail>
	<authorUrl>mambo-foundation.org</authorUrl>
	<version>1.5</version>
	<description>
	<![CDATA[
    <p>MOStlyDBAdmin is used for easy back up/restore of your database.</p><p>  It is a revival 
	of the dbadmin component for use in the Mambo 4.6+ core.  The dbadmin 
	component stopped working with Mambo 4.5.3h and development appears to have ceased.</p>
    ]]></description>
	<administration>
		<menu>MOStlyDBAdmin DB Tools</menu>
			<submenu>
				<menu act='option=com_mostlydbadmin&amp;task=dbBackup'>Backup Database</menu>
				<menu act='option=com_mostlydbadmin&amp;task=dbRestore'>Restore Database</menu>
				<menu act='option=com_mostlydbadmin&amp;task=xquery'>Query Database</menu>
			</submenu>
		<files>
			<filename>admin.mostlydbadmin.html.php</filename>
			<filename>admin.mostlydbadmin.php</filename>
            <filename>read_me.txt</filename>
			<filename>index.html</filename>
			<filename>classes/zip.lib.php</filename>
		</files>
	</administration>
</mosinstall>
