<?xml version="1.0" encoding="iso-8859-1"?>
<mosinstall type="component" version="4.7">
	<name>Weblinks Item</name>
	<author>Mambo Foundation</author>
	<copyright>copyright (C) 2000 - 2007 Mambo Foundation Inc.</copyright>
	<license>http://www.opensource.org/licenses/gpl-license.php GNU/GPL v.2</license>
	<authorEmail>core@mambo-foundation.org</authorEmail>
	<authorUrl>mambo-foundation.org</authorUrl>
	<version>4.6.x.7</version>
	<description>Web links item parameters</description>
	<params>
		<param name="target" type="list" default="0" label="Target Window" description="Target window for link.">
			<option value="0">Open in parent window</option>
			<option value="1">Open in new window</option>
			<option value="2">Open in popup window</option>
		</param>
	</params>
</mosinstall>
