<?xml version="1.0" ?>
<mosinstall version="4.7" type="mambot" group="editors">
<name>MOStlyCE</name>
<version>3.0</version>
<creationDate>Feb 2008</creationDate>
<author>Chad Auld</author>
<authorEmail>cauld@mambo-foundation.org</authorEmail>
<authorUrl>http://opensourcepenguin.net</authorUrl>
<copyright>This component is released under the LGPL License</copyright>
<description>
<![CDATA[
<p>MOStlyContent Editor - The default WYSIWYG editor for Mambo, based on Moxiecode's TinyMCE! and TinyMCPUK.</p><p>Features:</p><p>All the features of TinyMCE by Moxiecode.  It also offers dynamic plugin loading, a familiar word processor style interface, a spellchecker, an image/file manager plugin, editor compression, etc.</p>
<p>Important Note: Since you have installed the MOStlyCE Mambot we would also remind you that the MOStlyCE Admin Component is required as well.  This component allows you to customize the MOStlyCE editor, control its options, and is relied on for certain core functionality.</p>
]]>
</description>
	<files>
		<filename mambot="mostlyce">mostlyce.php</filename>
		<filename>mostlyce/index.html</filename>
		<filename>mostlyce/jscripts/tiny_mce/auth_check.php</filename>
		<filename>mostlyce/jscripts/tiny_mce/blank.htm</filename>
		<filename>mostlyce/jscripts/tiny_mce/filemanager/browser.css</filename>
		<filename>mostlyce/jscripts/tiny_mce/filemanager/browser.php</filename>
		<filename>mostlyce/jscripts/tiny_mce/filemanager/connectors/index.html</filename>
		<filename>mostlyce/jscripts/tiny_mce/filemanager/connectors/php/Auth/Default.php</filename>
		<filename>mostlyce/jscripts/tiny_mce/filemanager/connectors/php/Auth/index.html</filename>
		<filename>mostlyce/jscripts/tiny_mce/filemanager/connectors/php/Commands/CreateFolder.php</filename>
		<filename>mostlyce/jscripts/tiny_mce/filemanager/connectors/php/Commands/DeleteFile.php</filename>
		<filename>mostlyce/jscripts/tiny_mce/filemanager/connectors/php/Commands/DeleteFolder.php</filename>
		<filename>mostlyce/jscripts/tiny_mce/filemanager/connectors/php/Commands/FileUpload.php</filename>
		<filename>mostlyce/jscripts/tiny_mce/filemanager/connectors/php/Commands/GetFolders.php</filename>
		<filename>mostlyce/jscripts/tiny_mce/filemanager/connectors/php/Commands/GetFoldersAndFiles.php</filename>
		<filename>mostlyce/jscripts/tiny_mce/filemanager/connectors/php/Commands/GetUploadProgress.php</filename>
		<filename>mostlyce/jscripts/tiny_mce/filemanager/connectors/php/Commands/helpers/header.cgi</filename>
		<filename>mostlyce/jscripts/tiny_mce/filemanager/connectors/php/Commands/helpers/iconlookup.php</filename>
		<filename>mostlyce/jscripts/tiny_mce/filemanager/connectors/php/Commands/helpers/index.html</filename>
		<filename>mostlyce/jscripts/tiny_mce/filemanager/connectors/php/Commands/helpers/progress.cgi</filename>
		<filename>mostlyce/jscripts/tiny_mce/filemanager/connectors/php/Commands/helpers/upload.cgi</filename>
		<filename>mostlyce/jscripts/tiny_mce/filemanager/connectors/php/Commands/index.html</filename>
		<filename>mostlyce/jscripts/tiny_mce/filemanager/connectors/php/Commands/RenameFile.php</filename>
		<filename>mostlyce/jscripts/tiny_mce/filemanager/connectors/php/Commands/RenameFolder.php</filename>
		<filename>mostlyce/jscripts/tiny_mce/filemanager/connectors/php/Commands/Thumbnail.php</filename>
		<filename>mostlyce/jscripts/tiny_mce/filemanager/connectors/php/config.php</filename>
		<filename>mostlyce/jscripts/tiny_mce/filemanager/connectors/php/connector.php</filename>
		<filename>mostlyce/jscripts/tiny_mce/filemanager/connectors/php/Docs/AuthenticationHandlers.txt</filename>
		<filename>mostlyce/jscripts/tiny_mce/filemanager/connectors/php/Docs/index.html</filename>
		<filename>mostlyce/jscripts/tiny_mce/filemanager/connectors/php/Docs/license.txt</filename>
		<filename>mostlyce/jscripts/tiny_mce/filemanager/connectors/php/Docs/readme.txt</filename>
		<filename>mostlyce/jscripts/tiny_mce/filemanager/connectors/php/dtd/index.html</filename>
		<filename>mostlyce/jscripts/tiny_mce/filemanager/connectors/php/dtd/iso-lat1.ent</filename>
		<filename>mostlyce/jscripts/tiny_mce/filemanager/connectors/php/images/ascii.jpg</filename>
		<filename>mostlyce/jscripts/tiny_mce/filemanager/connectors/php/images/binary.jpg</filename>
		<filename>mostlyce/jscripts/tiny_mce/filemanager/connectors/php/images/document2.jpg</filename>
		<filename>mostlyce/jscripts/tiny_mce/filemanager/connectors/php/images/email.jpg</filename>
		<filename>mostlyce/jscripts/tiny_mce/filemanager/connectors/php/images/empty.jpg</filename>
		<filename>mostlyce/jscripts/tiny_mce/filemanager/connectors/php/images/html.jpg</filename>
		<filename>mostlyce/jscripts/tiny_mce/filemanager/connectors/php/images/image.jpg</filename>
		<filename>mostlyce/jscripts/tiny_mce/filemanager/connectors/php/images/index.html</filename>
		<filename>mostlyce/jscripts/tiny_mce/filemanager/connectors/php/images/info.jpg</filename>
		<filename>mostlyce/jscripts/tiny_mce/filemanager/connectors/php/images/kmplot.jpg</filename>
		<filename>mostlyce/jscripts/tiny_mce/filemanager/connectors/php/images/kmultiple.jpg</filename>
		<filename>mostlyce/jscripts/tiny_mce/filemanager/connectors/php/images/pdf.jpg</filename>
		<filename>mostlyce/jscripts/tiny_mce/filemanager/connectors/php/images/php.jpg</filename>
		<filename>mostlyce/jscripts/tiny_mce/filemanager/connectors/php/images/postscript.jpg</filename>
		<filename>mostlyce/jscripts/tiny_mce/filemanager/connectors/php/images/real_doc.jpg</filename>
		<filename>mostlyce/jscripts/tiny_mce/filemanager/connectors/php/images/sound.jpg</filename>
		<filename>mostlyce/jscripts/tiny_mce/filemanager/connectors/php/images/spreadsheet.jpg</filename>
		<filename>mostlyce/jscripts/tiny_mce/filemanager/connectors/php/images/tar.jpg</filename>
		<filename>mostlyce/jscripts/tiny_mce/filemanager/connectors/php/images/video.jpg</filename>
		<filename>mostlyce/jscripts/tiny_mce/filemanager/connectors/php/index.html</filename>
		<filename>mostlyce/jscripts/tiny_mce/filemanager/frmactualfolder.html</filename>
		<filename>mostlyce/jscripts/tiny_mce/filemanager/frmcreatefolder.html</filename>
		<filename>mostlyce/jscripts/tiny_mce/filemanager/frmfolders.html</filename>
		<filename>mostlyce/jscripts/tiny_mce/filemanager/frmimageeditor.html</filename>
		<filename>mostlyce/jscripts/tiny_mce/filemanager/frmresourceslist.html</filename>
		<filename>mostlyce/jscripts/tiny_mce/filemanager/frmresourcetype.html</filename>
		<filename>mostlyce/jscripts/tiny_mce/filemanager/frmupload.html</filename>
		<filename>mostlyce/jscripts/tiny_mce/filemanager/images/2x2.gif</filename>
		<filename>mostlyce/jscripts/tiny_mce/filemanager/images/2x2_w.gif</filename>
		<filename>mostlyce/jscripts/tiny_mce/filemanager/images/ButtonArrow.gif</filename>
		<filename>mostlyce/jscripts/tiny_mce/filemanager/images/close.gif</filename>
		<filename>mostlyce/jscripts/tiny_mce/filemanager/images/delete.gif</filename>
		<filename>mostlyce/jscripts/tiny_mce/filemanager/images/edit.gif</filename>
		<filename>mostlyce/jscripts/tiny_mce/filemanager/images/editImage.gif</filename>
		<filename>mostlyce/jscripts/tiny_mce/filemanager/images/Folder.gif</filename>
		<filename>mostlyce/jscripts/tiny_mce/filemanager/images/Folder32.gif</filename>
		<filename>mostlyce/jscripts/tiny_mce/filemanager/images/Folder96.jpg</filename>
		<filename>mostlyce/jscripts/tiny_mce/filemanager/images/FolderOpened.gif</filename>
		<filename>mostlyce/jscripts/tiny_mce/filemanager/images/FolderOpened32.gif</filename>
		<filename>mostlyce/jscripts/tiny_mce/filemanager/images/FolderUp.gif</filename>
		<filename>mostlyce/jscripts/tiny_mce/filemanager/images/icons/32/ai.gif</filename>
		<filename>mostlyce/jscripts/tiny_mce/filemanager/images/icons/32/avi.gif</filename>
		<filename>mostlyce/jscripts/tiny_mce/filemanager/images/icons/32/bmp.gif</filename>
		<filename>mostlyce/jscripts/tiny_mce/filemanager/images/icons/32/cs.gif</filename>
		<filename>mostlyce/jscripts/tiny_mce/filemanager/images/icons/32/default.icon.gif</filename>
		<filename>mostlyce/jscripts/tiny_mce/filemanager/images/icons/32/dll.gif</filename>
		<filename>mostlyce/jscripts/tiny_mce/filemanager/images/icons/32/doc.gif</filename>
		<filename>mostlyce/jscripts/tiny_mce/filemanager/images/icons/32/exe.gif</filename>
		<filename>mostlyce/jscripts/tiny_mce/filemanager/images/icons/32/fla.gif</filename>
		<filename>mostlyce/jscripts/tiny_mce/filemanager/images/icons/32/gif.gif</filename>
		<filename>mostlyce/jscripts/tiny_mce/filemanager/images/icons/32/htm.gif</filename>
		<filename>mostlyce/jscripts/tiny_mce/filemanager/images/icons/32/html.gif</filename>
		<filename>mostlyce/jscripts/tiny_mce/filemanager/images/icons/32/index.html</filename>
		<filename>mostlyce/jscripts/tiny_mce/filemanager/images/icons/32/jpg.gif</filename>
		<filename>mostlyce/jscripts/tiny_mce/filemanager/images/icons/32/js.gif</filename>
		<filename>mostlyce/jscripts/tiny_mce/filemanager/images/icons/32/mdb.gif</filename>
		<filename>mostlyce/jscripts/tiny_mce/filemanager/images/icons/32/mp3.gif</filename>
		<filename>mostlyce/jscripts/tiny_mce/filemanager/images/icons/32/pdf.gif</filename>
		<filename>mostlyce/jscripts/tiny_mce/filemanager/images/icons/32/ppt.gif</filename>
		<filename>mostlyce/jscripts/tiny_mce/filemanager/images/icons/32/rdp.gif</filename>
		<filename>mostlyce/jscripts/tiny_mce/filemanager/images/icons/32/swf.gif</filename>
		<filename>mostlyce/jscripts/tiny_mce/filemanager/images/icons/32/swt.gif</filename>
		<filename>mostlyce/jscripts/tiny_mce/filemanager/images/icons/32/txt.gif</filename>
		<filename>mostlyce/jscripts/tiny_mce/filemanager/images/icons/32/vsd.gif</filename>
		<filename>mostlyce/jscripts/tiny_mce/filemanager/images/icons/32/xls.gif</filename>
		<filename>mostlyce/jscripts/tiny_mce/filemanager/images/icons/32/xml.gif</filename>
		<filename>mostlyce/jscripts/tiny_mce/filemanager/images/icons/32/zip.gif</filename>
		<filename>mostlyce/jscripts/tiny_mce/filemanager/images/icons/ai.gif</filename>
		<filename>mostlyce/jscripts/tiny_mce/filemanager/images/icons/avi.gif</filename>
		<filename>mostlyce/jscripts/tiny_mce/filemanager/images/icons/bmp.gif</filename>
		<filename>mostlyce/jscripts/tiny_mce/filemanager/images/icons/cs.gif</filename>
		<filename>mostlyce/jscripts/tiny_mce/filemanager/images/icons/default.icon.gif</filename>
		<filename>mostlyce/jscripts/tiny_mce/filemanager/images/icons/dll.gif</filename>
		<filename>mostlyce/jscripts/tiny_mce/filemanager/images/icons/doc.gif</filename>
		<filename>mostlyce/jscripts/tiny_mce/filemanager/images/icons/exe.gif</filename>
		<filename>mostlyce/jscripts/tiny_mce/filemanager/images/icons/fla.gif</filename>
		<filename>mostlyce/jscripts/tiny_mce/filemanager/images/icons/gif.gif</filename>
		<filename>mostlyce/jscripts/tiny_mce/filemanager/images/icons/htm.gif</filename>
		<filename>mostlyce/jscripts/tiny_mce/filemanager/images/icons/html.gif</filename>
		<filename>mostlyce/jscripts/tiny_mce/filemanager/images/icons/index.html</filename>
		<filename>mostlyce/jscripts/tiny_mce/filemanager/images/icons/jpg.gif</filename>
		<filename>mostlyce/jscripts/tiny_mce/filemanager/images/icons/js.gif</filename>
		<filename>mostlyce/jscripts/tiny_mce/filemanager/images/icons/mdb.gif</filename>
		<filename>mostlyce/jscripts/tiny_mce/filemanager/images/icons/mp3.gif</filename>
		<filename>mostlyce/jscripts/tiny_mce/filemanager/images/icons/pdf.gif</filename>
		<filename>mostlyce/jscripts/tiny_mce/filemanager/images/icons/ppt.gif</filename>
		<filename>mostlyce/jscripts/tiny_mce/filemanager/images/icons/rdp.gif</filename>
		<filename>mostlyce/jscripts/tiny_mce/filemanager/images/icons/swf.gif</filename>
		<filename>mostlyce/jscripts/tiny_mce/filemanager/images/icons/swt.gif</filename>
		<filename>mostlyce/jscripts/tiny_mce/filemanager/images/icons/txt.gif</filename>
		<filename>mostlyce/jscripts/tiny_mce/filemanager/images/icons/vsd.gif</filename>
		<filename>mostlyce/jscripts/tiny_mce/filemanager/images/icons/xls.gif</filename>
		<filename>mostlyce/jscripts/tiny_mce/filemanager/images/icons/xml.gif</filename>
		<filename>mostlyce/jscripts/tiny_mce/filemanager/images/icons/zip.gif</filename>
		<filename>mostlyce/jscripts/tiny_mce/filemanager/images/index.html</filename>
		<filename>mostlyce/jscripts/tiny_mce/filemanager/images/spacer.gif</filename>
		<filename>mostlyce/jscripts/tiny_mce/filemanager/images/toolbar/close.gif</filename>
		<filename>mostlyce/jscripts/tiny_mce/filemanager/images/toolbar/crop.gif</filename>
		<filename>mostlyce/jscripts/tiny_mce/filemanager/images/toolbar/flip.gif</filename>
		<filename>mostlyce/jscripts/tiny_mce/filemanager/images/toolbar/index.html</filename>
		<filename>mostlyce/jscripts/tiny_mce/filemanager/images/toolbar/resize.gif</filename>
		<filename>mostlyce/jscripts/tiny_mce/filemanager/images/toolbar/rotate.gif</filename>
		<filename>mostlyce/jscripts/tiny_mce/filemanager/images/toolbar/save.gif</filename>
		<filename>mostlyce/jscripts/tiny_mce/filemanager/index.html</filename>
		<filename>mostlyce/jscripts/tiny_mce/filemanager/js/common.js</filename>
		<filename>mostlyce/jscripts/tiny_mce/filemanager/js/EditorContent.js</filename>
		<filename>mostlyce/jscripts/tiny_mce/filemanager/js/fckxml.js</filename>
		<filename>mostlyce/jscripts/tiny_mce/filemanager/js/index.html</filename>
		<filename>mostlyce/jscripts/tiny_mce/filemanager/js/wz_jsgraphics.js</filename>
		<filename>mostlyce/jscripts/tiny_mce/imagemanager/assets/dialog.js</filename>
		<filename>mostlyce/jscripts/tiny_mce/imagemanager/assets/editor.css</filename>
		<filename>mostlyce/jscripts/tiny_mce/imagemanager/assets/editor.js</filename>
		<filename>mostlyce/jscripts/tiny_mce/imagemanager/assets/EditorContent.js</filename>
		<filename>mostlyce/jscripts/tiny_mce/imagemanager/assets/editorFrame.css</filename>
		<filename>mostlyce/jscripts/tiny_mce/imagemanager/assets/editorFrame.js</filename>
		<filename>mostlyce/jscripts/tiny_mce/imagemanager/assets/hover.htc</filename>
		<filename>mostlyce/jscripts/tiny_mce/imagemanager/assets/ImageEditor.css</filename>
		<filename>mostlyce/jscripts/tiny_mce/imagemanager/assets/imagelist.css</filename>
		<filename>mostlyce/jscripts/tiny_mce/imagemanager/assets/images.js</filename>
		<filename>mostlyce/jscripts/tiny_mce/imagemanager/assets/index.html</filename>
		<filename>mostlyce/jscripts/tiny_mce/imagemanager/assets/manager.css</filename>
		<filename>mostlyce/jscripts/tiny_mce/imagemanager/assets/manager.js</filename>
		<filename>mostlyce/jscripts/tiny_mce/imagemanager/assets/popup.js</filename>
		<filename>mostlyce/jscripts/tiny_mce/imagemanager/assets/slider.js</filename>
		<filename>mostlyce/jscripts/tiny_mce/imagemanager/assets/wz_jsgraphics.js</filename>
		<filename>mostlyce/jscripts/tiny_mce/imagemanager/Classes/Files.php</filename>
		<filename>mostlyce/jscripts/tiny_mce/imagemanager/Classes/GD.php</filename>
		<filename>mostlyce/jscripts/tiny_mce/imagemanager/Classes/IM.php</filename>
		<filename>mostlyce/jscripts/tiny_mce/imagemanager/Classes/ImageEditor.php</filename>
		<filename>mostlyce/jscripts/tiny_mce/imagemanager/Classes/ImageManager.php</filename>
		<filename>mostlyce/jscripts/tiny_mce/imagemanager/Classes/index.html</filename>
		<filename>mostlyce/jscripts/tiny_mce/imagemanager/Classes/NetPBM.php</filename>
		<filename>mostlyce/jscripts/tiny_mce/imagemanager/Classes/package.xml</filename>
		<filename>mostlyce/jscripts/tiny_mce/imagemanager/Classes/Thumbnail.php</filename>
		<filename>mostlyce/jscripts/tiny_mce/imagemanager/Classes/Transform.php</filename>
		<filename>mostlyce/jscripts/tiny_mce/imagemanager/config.inc.php</filename>
		<filename>mostlyce/jscripts/tiny_mce/imagemanager/editor.php</filename>
		<filename>mostlyce/jscripts/tiny_mce/imagemanager/editorFrame.php</filename>
		<filename>mostlyce/jscripts/tiny_mce/imagemanager/images.php</filename>
		<filename>mostlyce/jscripts/tiny_mce/imagemanager/IMEStandalone.js</filename>
		<filename>mostlyce/jscripts/tiny_mce/imagemanager/img/2x2.gif</filename>
		<filename>mostlyce/jscripts/tiny_mce/imagemanager/img/2x2_w.gif</filename>
		<filename>mostlyce/jscripts/tiny_mce/imagemanager/img/btn_cancel.gif</filename>
		<filename>mostlyce/jscripts/tiny_mce/imagemanager/img/btn_ok.gif</filename>
		<filename>mostlyce/jscripts/tiny_mce/imagemanager/img/btnFolderNew.gif</filename>
		<filename>mostlyce/jscripts/tiny_mce/imagemanager/img/btnFolderUp.gif</filename>
		<filename>mostlyce/jscripts/tiny_mce/imagemanager/img/crop.gif</filename>
		<filename>mostlyce/jscripts/tiny_mce/imagemanager/img/default.gif</filename>
		<filename>mostlyce/jscripts/tiny_mce/imagemanager/img/div.gif</filename>
		<filename>mostlyce/jscripts/tiny_mce/imagemanager/img/dots.gif</filename>
		<filename>mostlyce/jscripts/tiny_mce/imagemanager/img/edit_active.gif</filename>
		<filename>mostlyce/jscripts/tiny_mce/imagemanager/img/edit_pencil.gif</filename>
		<filename>mostlyce/jscripts/tiny_mce/imagemanager/img/edit_trash.gif</filename>
		<filename>mostlyce/jscripts/tiny_mce/imagemanager/img/folder.gif</filename>
		<filename>mostlyce/jscripts/tiny_mce/imagemanager/img/hand.gif</filename>
		<filename>mostlyce/jscripts/tiny_mce/imagemanager/img/index.html</filename>
		<filename>mostlyce/jscripts/tiny_mce/imagemanager/img/islocked2.gif</filename>
		<filename>mostlyce/jscripts/tiny_mce/imagemanager/img/locked.gif</filename>
		<filename>mostlyce/jscripts/tiny_mce/imagemanager/img/measure.gif</filename>
		<filename>mostlyce/jscripts/tiny_mce/imagemanager/img/noimages.gif</filename>
		<filename>mostlyce/jscripts/tiny_mce/imagemanager/img/rotate.gif</filename>
		<filename>mostlyce/jscripts/tiny_mce/imagemanager/img/save.gif</filename>
		<filename>mostlyce/jscripts/tiny_mce/imagemanager/img/scale.gif</filename>
		<filename>mostlyce/jscripts/tiny_mce/imagemanager/img/spacer.gif</filename>
		<filename>mostlyce/jscripts/tiny_mce/imagemanager/img/t_black.gif</filename>
		<filename>mostlyce/jscripts/tiny_mce/imagemanager/img/t_white.gif</filename>
		<filename>mostlyce/jscripts/tiny_mce/imagemanager/img/unlocked.gif</filename>
		<filename>mostlyce/jscripts/tiny_mce/imagemanager/img/unlocked2.gif</filename>
		<filename>mostlyce/jscripts/tiny_mce/imagemanager/index.html</filename>
		<filename>mostlyce/jscripts/tiny_mce/imagemanager/lang/en.js</filename>
		<filename>mostlyce/jscripts/tiny_mce/imagemanager/lang/index.html</filename>
		<filename>mostlyce/jscripts/tiny_mce/imagemanager/manager.php</filename>
		<filename>mostlyce/jscripts/tiny_mce/imagemanager/newFolder.html</filename>
		<filename>mostlyce/jscripts/tiny_mce/imagemanager/README.txt</filename>
		<filename>mostlyce/jscripts/tiny_mce/imagemanager/thumbs.php</filename>
		<filename>mostlyce/jscripts/tiny_mce/index.html</filename>
		<filename>mostlyce/jscripts/tiny_mce/info/editor_info_english.txt</filename>
		<filename>mostlyce/jscripts/tiny_mce/info/index.html</filename>
		<filename>mostlyce/jscripts/tiny_mce/langs/en.js</filename>
		<filename>mostlyce/jscripts/tiny_mce/license.txt</filename>
		<filename>mostlyce/jscripts/tiny_mce/mostlyce_config.php</filename>
		<filename>mostlyce/jscripts/tiny_mce/mostlyce_functions.js</filename>
		<filename>mostlyce/jscripts/tiny_mce/plugins/advhr/css/advhr.css</filename>
		<filename>mostlyce/jscripts/tiny_mce/plugins/advhr/editor_plugin.js</filename>
		<filename>mostlyce/jscripts/tiny_mce/plugins/advhr/editor_plugin_src.js</filename>
		<filename>mostlyce/jscripts/tiny_mce/plugins/advhr/js/rule.js</filename>
		<filename>mostlyce/jscripts/tiny_mce/plugins/advhr/langs/en_dlg.js</filename>
		<filename>mostlyce/jscripts/tiny_mce/plugins/advhr/rule.htm</filename>
		<filename>mostlyce/jscripts/tiny_mce/plugins/advimage/css/advimage.css</filename>
		<filename>mostlyce/jscripts/tiny_mce/plugins/advimage/editor_plugin.js</filename>
		<filename>mostlyce/jscripts/tiny_mce/plugins/advimage/editor_plugin_src.js</filename>
		<filename>mostlyce/jscripts/tiny_mce/plugins/advimage/image.htm</filename>
		<filename>mostlyce/jscripts/tiny_mce/plugins/advimage/img/sample.gif</filename>
		<filename>mostlyce/jscripts/tiny_mce/plugins/advimage/js/image.js</filename>
		<filename>mostlyce/jscripts/tiny_mce/plugins/advimage/langs/en_dlg.js</filename>
		<filename>mostlyce/jscripts/tiny_mce/plugins/advlink/css/advlink.css</filename>
		<filename>mostlyce/jscripts/tiny_mce/plugins/advlink/editor_plugin.js</filename>
		<filename>mostlyce/jscripts/tiny_mce/plugins/advlink/editor_plugin_src.js</filename>
		<filename>mostlyce/jscripts/tiny_mce/plugins/advlink/js/advlink.js</filename>
		<filename>mostlyce/jscripts/tiny_mce/plugins/advlink/langs/en_dlg.js</filename>
		<filename>mostlyce/jscripts/tiny_mce/plugins/advlink/link.htm</filename>
		<filename>mostlyce/jscripts/tiny_mce/plugins/autosave/editor_plugin.js</filename>
		<filename>mostlyce/jscripts/tiny_mce/plugins/autosave/editor_plugin_src.js</filename>
		<filename>mostlyce/jscripts/tiny_mce/plugins/bbcode/editor_plugin.js</filename>
		<filename>mostlyce/jscripts/tiny_mce/plugins/bbcode/editor_plugin_src.js</filename>
		<filename>mostlyce/jscripts/tiny_mce/plugins/compat2x/editor_plugin.js</filename>
		<filename>mostlyce/jscripts/tiny_mce/plugins/compat2x/editor_plugin_src.js</filename>
		<filename>mostlyce/jscripts/tiny_mce/plugins/contextmenu/editor_plugin.js</filename>
		<filename>mostlyce/jscripts/tiny_mce/plugins/contextmenu/editor_plugin_src.js</filename>
		<filename>mostlyce/jscripts/tiny_mce/plugins/directionality/editor_plugin.js</filename>
		<filename>mostlyce/jscripts/tiny_mce/plugins/directionality/editor_plugin_src.js</filename>
		<filename>mostlyce/jscripts/tiny_mce/plugins/emotions/editor_plugin.js</filename>
		<filename>mostlyce/jscripts/tiny_mce/plugins/emotions/editor_plugin_src.js</filename>
		<filename>mostlyce/jscripts/tiny_mce/plugins/emotions/emotions.htm</filename>
		<filename>mostlyce/jscripts/tiny_mce/plugins/emotions/img/smiley-cool.gif</filename>
		<filename>mostlyce/jscripts/tiny_mce/plugins/emotions/img/smiley-cry.gif</filename>
		<filename>mostlyce/jscripts/tiny_mce/plugins/emotions/img/smiley-embarassed.gif</filename>
		<filename>mostlyce/jscripts/tiny_mce/plugins/emotions/img/smiley-foot-in-mouth.gif</filename>
		<filename>mostlyce/jscripts/tiny_mce/plugins/emotions/img/smiley-frown.gif</filename>
		<filename>mostlyce/jscripts/tiny_mce/plugins/emotions/img/smiley-innocent.gif</filename>
		<filename>mostlyce/jscripts/tiny_mce/plugins/emotions/img/smiley-kiss.gif</filename>
		<filename>mostlyce/jscripts/tiny_mce/plugins/emotions/img/smiley-laughing.gif</filename>
		<filename>mostlyce/jscripts/tiny_mce/plugins/emotions/img/smiley-money-mouth.gif</filename>
		<filename>mostlyce/jscripts/tiny_mce/plugins/emotions/img/smiley-sealed.gif</filename>
		<filename>mostlyce/jscripts/tiny_mce/plugins/emotions/img/smiley-smile.gif</filename>
		<filename>mostlyce/jscripts/tiny_mce/plugins/emotions/img/smiley-surprised.gif</filename>
		<filename>mostlyce/jscripts/tiny_mce/plugins/emotions/img/smiley-tongue-out.gif</filename>
		<filename>mostlyce/jscripts/tiny_mce/plugins/emotions/img/smiley-undecided.gif</filename>
		<filename>mostlyce/jscripts/tiny_mce/plugins/emotions/img/smiley-wink.gif</filename>
		<filename>mostlyce/jscripts/tiny_mce/plugins/emotions/img/smiley-yell.gif</filename>
		<filename>mostlyce/jscripts/tiny_mce/plugins/emotions/js/emotions.js</filename>
		<filename>mostlyce/jscripts/tiny_mce/plugins/emotions/langs/en_dlg.js</filename>
		<filename>mostlyce/jscripts/tiny_mce/plugins/example/dialog.htm</filename>
		<filename>mostlyce/jscripts/tiny_mce/plugins/example/editor_plugin.js</filename>
		<filename>mostlyce/jscripts/tiny_mce/plugins/example/editor_plugin_src.js</filename>
		<filename>mostlyce/jscripts/tiny_mce/plugins/example/img/example.gif</filename>
		<filename>mostlyce/jscripts/tiny_mce/plugins/example/js/dialog.js</filename>
		<filename>mostlyce/jscripts/tiny_mce/plugins/example/langs/en.js</filename>
		<filename>mostlyce/jscripts/tiny_mce/plugins/example/langs/en_dlg.js</filename>
		<filename>mostlyce/jscripts/tiny_mce/plugins/fullpage/css/fullpage.css</filename>
		<filename>mostlyce/jscripts/tiny_mce/plugins/fullpage/editor_plugin.js</filename>
		<filename>mostlyce/jscripts/tiny_mce/plugins/fullpage/editor_plugin_src.js</filename>
		<filename>mostlyce/jscripts/tiny_mce/plugins/fullpage/fullpage.htm</filename>
		<filename>mostlyce/jscripts/tiny_mce/plugins/fullpage/js/fullpage.js</filename>
		<filename>mostlyce/jscripts/tiny_mce/plugins/fullpage/langs/en_dlg.js</filename>
		<filename>mostlyce/jscripts/tiny_mce/plugins/fullscreen/editor_plugin.js</filename>
		<filename>mostlyce/jscripts/tiny_mce/plugins/fullscreen/editor_plugin_src.js</filename>
		<filename>mostlyce/jscripts/tiny_mce/plugins/fullscreen/fullscreen.htm</filename>
		<filename>mostlyce/jscripts/tiny_mce/plugins/iespell/editor_plugin.js</filename>
		<filename>mostlyce/jscripts/tiny_mce/plugins/iespell/editor_plugin_src.js</filename>
		<filename>mostlyce/jscripts/tiny_mce/plugins/inlinepopups/editor_plugin.js</filename>
		<filename>mostlyce/jscripts/tiny_mce/plugins/inlinepopups/editor_plugin_src.js</filename>
		<filename>mostlyce/jscripts/tiny_mce/plugins/inlinepopups/skins/clearlooks2/img/alert.gif</filename>
		<filename>mostlyce/jscripts/tiny_mce/plugins/inlinepopups/skins/clearlooks2/img/button.gif</filename>
		<filename>mostlyce/jscripts/tiny_mce/plugins/inlinepopups/skins/clearlooks2/img/buttons.gif</filename>
		<filename>mostlyce/jscripts/tiny_mce/plugins/inlinepopups/skins/clearlooks2/img/confirm.gif</filename>
		<filename>mostlyce/jscripts/tiny_mce/plugins/inlinepopups/skins/clearlooks2/img/corners.gif</filename>
		<filename>mostlyce/jscripts/tiny_mce/plugins/inlinepopups/skins/clearlooks2/img/horizontal.gif</filename>
		<filename>mostlyce/jscripts/tiny_mce/plugins/inlinepopups/skins/clearlooks2/img/vertical.gif</filename>
		<filename>mostlyce/jscripts/tiny_mce/plugins/inlinepopups/skins/clearlooks2/window.css</filename>
		<filename>mostlyce/jscripts/tiny_mce/plugins/inlinepopups/template.htm</filename>
		<filename>mostlyce/jscripts/tiny_mce/plugins/insertdatetime/editor_plugin.js</filename>
		<filename>mostlyce/jscripts/tiny_mce/plugins/insertdatetime/editor_plugin_src.js</filename>
		<filename>mostlyce/jscripts/tiny_mce/plugins/layer/editor_plugin.js</filename>
		<filename>mostlyce/jscripts/tiny_mce/plugins/layer/editor_plugin_src.js</filename>
		<filename>mostlyce/jscripts/tiny_mce/plugins/media/css/content.css</filename>
		<filename>mostlyce/jscripts/tiny_mce/plugins/media/css/media.css</filename>
		<filename>mostlyce/jscripts/tiny_mce/plugins/media/editor_plugin.js</filename>
		<filename>mostlyce/jscripts/tiny_mce/plugins/media/editor_plugin_src.js</filename>
		<filename>mostlyce/jscripts/tiny_mce/plugins/media/img/flash.gif</filename>
		<filename>mostlyce/jscripts/tiny_mce/plugins/media/img/flv_player.swf</filename>
		<filename>mostlyce/jscripts/tiny_mce/plugins/media/img/quicktime.gif</filename>
		<filename>mostlyce/jscripts/tiny_mce/plugins/media/img/realmedia.gif</filename>
		<filename>mostlyce/jscripts/tiny_mce/plugins/media/img/shockwave.gif</filename>
		<filename>mostlyce/jscripts/tiny_mce/plugins/media/img/trans.gif</filename>
		<filename>mostlyce/jscripts/tiny_mce/plugins/media/img/windowsmedia.gif</filename>
		<filename>mostlyce/jscripts/tiny_mce/plugins/media/js/embed.js</filename>
		<filename>mostlyce/jscripts/tiny_mce/plugins/media/js/media.js</filename>
		<filename>mostlyce/jscripts/tiny_mce/plugins/media/langs/en_dlg.js</filename>
		<filename>mostlyce/jscripts/tiny_mce/plugins/media/media.htm</filename>
		<filename>mostlyce/jscripts/tiny_mce/plugins/nonbreaking/editor_plugin.js</filename>
		<filename>mostlyce/jscripts/tiny_mce/plugins/nonbreaking/editor_plugin_src.js</filename>
		<filename>mostlyce/jscripts/tiny_mce/plugins/noneditable/editor_plugin.js</filename>
		<filename>mostlyce/jscripts/tiny_mce/plugins/noneditable/editor_plugin_src.js</filename>
		<filename>mostlyce/jscripts/tiny_mce/plugins/pagebreak/css/content.css</filename>
		<filename>mostlyce/jscripts/tiny_mce/plugins/pagebreak/editor_plugin.js</filename>
		<filename>mostlyce/jscripts/tiny_mce/plugins/pagebreak/editor_plugin_src.js</filename>
		<filename>mostlyce/jscripts/tiny_mce/plugins/pagebreak/img/pagebreak.gif</filename>
		<filename>mostlyce/jscripts/tiny_mce/plugins/pagebreak/img/trans.gif</filename>
		<filename>mostlyce/jscripts/tiny_mce/plugins/paste/blank.htm</filename>
		<filename>mostlyce/jscripts/tiny_mce/plugins/paste/css/blank.css</filename>
		<filename>mostlyce/jscripts/tiny_mce/plugins/paste/css/pasteword.css</filename>
		<filename>mostlyce/jscripts/tiny_mce/plugins/paste/editor_plugin.js</filename>
		<filename>mostlyce/jscripts/tiny_mce/plugins/paste/editor_plugin_src.js</filename>
		<filename>mostlyce/jscripts/tiny_mce/plugins/paste/js/pastetext.js</filename>
		<filename>mostlyce/jscripts/tiny_mce/plugins/paste/js/pasteword.js</filename>
		<filename>mostlyce/jscripts/tiny_mce/plugins/paste/langs/en_dlg.js</filename>
		<filename>mostlyce/jscripts/tiny_mce/plugins/paste/pastetext.htm</filename>
		<filename>mostlyce/jscripts/tiny_mce/plugins/paste/pasteword.htm</filename>
		<filename>mostlyce/jscripts/tiny_mce/plugins/preview/editor_plugin.js</filename>
		<filename>mostlyce/jscripts/tiny_mce/plugins/preview/editor_plugin_src.js</filename>
		<filename>mostlyce/jscripts/tiny_mce/plugins/preview/example.html</filename>
		<filename>mostlyce/jscripts/tiny_mce/plugins/preview/jscripts/embed.js</filename>
		<filename>mostlyce/jscripts/tiny_mce/plugins/print/editor_plugin.js</filename>
		<filename>mostlyce/jscripts/tiny_mce/plugins/print/editor_plugin_src.js</filename>
		<filename>mostlyce/jscripts/tiny_mce/plugins/safari/blank.htm</filename>
		<filename>mostlyce/jscripts/tiny_mce/plugins/safari/editor_plugin.js</filename>
		<filename>mostlyce/jscripts/tiny_mce/plugins/safari/editor_plugin_src.js</filename>
		<filename>mostlyce/jscripts/tiny_mce/plugins/save/editor_plugin.js</filename>
		<filename>mostlyce/jscripts/tiny_mce/plugins/save/editor_plugin_src.js</filename>
		<filename>mostlyce/jscripts/tiny_mce/plugins/searchreplace/css/searchreplace.css</filename>
		<filename>mostlyce/jscripts/tiny_mce/plugins/searchreplace/editor_plugin.js</filename>
		<filename>mostlyce/jscripts/tiny_mce/plugins/searchreplace/editor_plugin_src.js</filename>
		<filename>mostlyce/jscripts/tiny_mce/plugins/searchreplace/js/searchreplace.js</filename>
		<filename>mostlyce/jscripts/tiny_mce/plugins/searchreplace/langs/en_dlg.js</filename>
		<filename>mostlyce/jscripts/tiny_mce/plugins/searchreplace/searchreplace.htm</filename>
		<filename>mostlyce/jscripts/tiny_mce/plugins/spellchecker/changelog</filename>
		<filename>mostlyce/jscripts/tiny_mce/plugins/spellchecker/classes/GoogleSpell.php</filename>
		<filename>mostlyce/jscripts/tiny_mce/plugins/spellchecker/classes/PSpell.php</filename>
		<filename>mostlyce/jscripts/tiny_mce/plugins/spellchecker/classes/PSpellShell.php</filename>
		<filename>mostlyce/jscripts/tiny_mce/plugins/spellchecker/classes/SpellChecker.php</filename>
		<filename>mostlyce/jscripts/tiny_mce/plugins/spellchecker/classes/utils/JSON.php</filename>
		<filename>mostlyce/jscripts/tiny_mce/plugins/spellchecker/classes/utils/Logger.php</filename>
		<filename>mostlyce/jscripts/tiny_mce/plugins/spellchecker/config.php</filename>
		<filename>mostlyce/jscripts/tiny_mce/plugins/spellchecker/css/content.css</filename>
		<filename>mostlyce/jscripts/tiny_mce/plugins/spellchecker/editor_plugin.js</filename>
		<filename>mostlyce/jscripts/tiny_mce/plugins/spellchecker/editor_plugin_src.js</filename>
		<filename>mostlyce/jscripts/tiny_mce/plugins/spellchecker/img/wline.gif</filename>
		<filename>mostlyce/jscripts/tiny_mce/plugins/spellchecker/includes/general.php</filename>
		<filename>mostlyce/jscripts/tiny_mce/plugins/spellchecker/rpc.php</filename>
		<filename>mostlyce/jscripts/tiny_mce/plugins/style/css/props.css</filename>
		<filename>mostlyce/jscripts/tiny_mce/plugins/style/editor_plugin.js</filename>
		<filename>mostlyce/jscripts/tiny_mce/plugins/style/editor_plugin_src.js</filename>
		<filename>mostlyce/jscripts/tiny_mce/plugins/style/js/props.js</filename>
		<filename>mostlyce/jscripts/tiny_mce/plugins/style/langs/en_dlg.js</filename>
		<filename>mostlyce/jscripts/tiny_mce/plugins/style/props.htm</filename>
		<filename>mostlyce/jscripts/tiny_mce/plugins/table/cell.htm</filename>
		<filename>mostlyce/jscripts/tiny_mce/plugins/table/css/cell.css</filename>
		<filename>mostlyce/jscripts/tiny_mce/plugins/table/css/row.css</filename>
		<filename>mostlyce/jscripts/tiny_mce/plugins/table/css/table.css</filename>
		<filename>mostlyce/jscripts/tiny_mce/plugins/table/editor_plugin.js</filename>
		<filename>mostlyce/jscripts/tiny_mce/plugins/table/editor_plugin_src.js</filename>
		<filename>mostlyce/jscripts/tiny_mce/plugins/table/js/cell.js</filename>
		<filename>mostlyce/jscripts/tiny_mce/plugins/table/js/merge_cells.js</filename>
		<filename>mostlyce/jscripts/tiny_mce/plugins/table/js/row.js</filename>
		<filename>mostlyce/jscripts/tiny_mce/plugins/table/js/table.js</filename>
		<filename>mostlyce/jscripts/tiny_mce/plugins/table/langs/en_dlg.js</filename>
		<filename>mostlyce/jscripts/tiny_mce/plugins/table/merge_cells.htm</filename>
		<filename>mostlyce/jscripts/tiny_mce/plugins/table/row.htm</filename>
		<filename>mostlyce/jscripts/tiny_mce/plugins/table/table.htm</filename>
		<filename>mostlyce/jscripts/tiny_mce/plugins/template/blank.htm</filename>
		<filename>mostlyce/jscripts/tiny_mce/plugins/template/css/template.css</filename>
		<filename>mostlyce/jscripts/tiny_mce/plugins/template/editor_plugin.js</filename>
		<filename>mostlyce/jscripts/tiny_mce/plugins/template/editor_plugin_src.js</filename>
		<filename>mostlyce/jscripts/tiny_mce/plugins/template/js/template.js</filename>
		<filename>mostlyce/jscripts/tiny_mce/plugins/template/langs/en_dlg.js</filename>
		<filename>mostlyce/jscripts/tiny_mce/plugins/template/template.htm</filename>
		<filename>mostlyce/jscripts/tiny_mce/plugins/visualchars/editor_plugin.js</filename>
		<filename>mostlyce/jscripts/tiny_mce/plugins/visualchars/editor_plugin_src.js</filename>
		<filename>mostlyce/jscripts/tiny_mce/plugins/xhtmlxtras/abbr.htm</filename>
		<filename>mostlyce/jscripts/tiny_mce/plugins/xhtmlxtras/acronym.htm</filename>
		<filename>mostlyce/jscripts/tiny_mce/plugins/xhtmlxtras/attributes.htm</filename>
		<filename>mostlyce/jscripts/tiny_mce/plugins/xhtmlxtras/cite.htm</filename>
		<filename>mostlyce/jscripts/tiny_mce/plugins/xhtmlxtras/css/attributes.css</filename>
		<filename>mostlyce/jscripts/tiny_mce/plugins/xhtmlxtras/css/popup.css</filename>
		<filename>mostlyce/jscripts/tiny_mce/plugins/xhtmlxtras/css/xhtmlxtras.css</filename>
		<filename>mostlyce/jscripts/tiny_mce/plugins/xhtmlxtras/del.htm</filename>
		<filename>mostlyce/jscripts/tiny_mce/plugins/xhtmlxtras/editor_plugin.js</filename>
		<filename>mostlyce/jscripts/tiny_mce/plugins/xhtmlxtras/editor_plugin_src.js</filename>
		<filename>mostlyce/jscripts/tiny_mce/plugins/xhtmlxtras/ins.htm</filename>
		<filename>mostlyce/jscripts/tiny_mce/plugins/xhtmlxtras/js/abbr.js</filename>
		<filename>mostlyce/jscripts/tiny_mce/plugins/xhtmlxtras/js/acronym.js</filename>
		<filename>mostlyce/jscripts/tiny_mce/plugins/xhtmlxtras/js/attributes.js</filename>
		<filename>mostlyce/jscripts/tiny_mce/plugins/xhtmlxtras/js/cite.js</filename>
		<filename>mostlyce/jscripts/tiny_mce/plugins/xhtmlxtras/js/del.js</filename>
		<filename>mostlyce/jscripts/tiny_mce/plugins/xhtmlxtras/js/element_common.js</filename>
		<filename>mostlyce/jscripts/tiny_mce/plugins/xhtmlxtras/js/ins.js</filename>
		<filename>mostlyce/jscripts/tiny_mce/plugins/xhtmlxtras/langs/en_dlg.js</filename>
		<filename>mostlyce/jscripts/tiny_mce/themes/advanced/about.htm</filename>
		<filename>mostlyce/jscripts/tiny_mce/themes/advanced/anchor.htm</filename>
		<filename>mostlyce/jscripts/tiny_mce/themes/advanced/charmap.htm</filename>
		<filename>mostlyce/jscripts/tiny_mce/themes/advanced/color_picker.htm</filename>
		<filename>mostlyce/jscripts/tiny_mce/themes/advanced/editor_template.js</filename>
		<filename>mostlyce/jscripts/tiny_mce/themes/advanced/editor_template_src.js</filename>
		<filename>mostlyce/jscripts/tiny_mce/themes/advanced/image.htm</filename>
		<filename>mostlyce/jscripts/tiny_mce/themes/advanced/img/colorpicker.jpg</filename>
		<filename>mostlyce/jscripts/tiny_mce/themes/advanced/img/icons.gif</filename>
		<filename>mostlyce/jscripts/tiny_mce/themes/advanced/js/about.js</filename>
		<filename>mostlyce/jscripts/tiny_mce/themes/advanced/js/anchor.js</filename>
		<filename>mostlyce/jscripts/tiny_mce/themes/advanced/js/charmap.js</filename>
		<filename>mostlyce/jscripts/tiny_mce/themes/advanced/js/color_picker.js</filename>
		<filename>mostlyce/jscripts/tiny_mce/themes/advanced/js/image.js</filename>
		<filename>mostlyce/jscripts/tiny_mce/themes/advanced/js/link.js</filename>
		<filename>mostlyce/jscripts/tiny_mce/themes/advanced/js/source_editor.js</filename>
		<filename>mostlyce/jscripts/tiny_mce/themes/advanced/langs/en.js</filename>
		<filename>mostlyce/jscripts/tiny_mce/themes/advanced/langs/en_dlg.js</filename>
		<filename>mostlyce/jscripts/tiny_mce/themes/advanced/link.htm</filename>
		<filename>mostlyce/jscripts/tiny_mce/themes/advanced/skins/default/content.css</filename>
		<filename>mostlyce/jscripts/tiny_mce/themes/advanced/skins/default/dialog.css</filename>
		<filename>mostlyce/jscripts/tiny_mce/themes/advanced/skins/default/img/buttons.png</filename>
		<filename>mostlyce/jscripts/tiny_mce/themes/advanced/skins/default/img/items.gif</filename>
		<filename>mostlyce/jscripts/tiny_mce/themes/advanced/skins/default/img/menu_arrow.gif</filename>
		<filename>mostlyce/jscripts/tiny_mce/themes/advanced/skins/default/img/menu_check.gif</filename>
		<filename>mostlyce/jscripts/tiny_mce/themes/advanced/skins/default/img/progress.gif</filename>
		<filename>mostlyce/jscripts/tiny_mce/themes/advanced/skins/default/img/tabs.gif</filename>
		<filename>mostlyce/jscripts/tiny_mce/themes/advanced/skins/default/ui.css</filename>
		<filename>mostlyce/jscripts/tiny_mce/themes/advanced/skins/o2k7/content.css</filename>
		<filename>mostlyce/jscripts/tiny_mce/themes/advanced/skins/o2k7/dialog.css</filename>
		<filename>mostlyce/jscripts/tiny_mce/themes/advanced/skins/o2k7/img/button_bg.png</filename>
		<filename>mostlyce/jscripts/tiny_mce/themes/advanced/skins/o2k7/ui.css</filename>
		<filename>mostlyce/jscripts/tiny_mce/themes/advanced/source_editor.htm</filename>
		<filename>mostlyce/jscripts/tiny_mce/themes/simple/editor_template.js</filename>
		<filename>mostlyce/jscripts/tiny_mce/themes/simple/editor_template_src.js</filename>
		<filename>mostlyce/jscripts/tiny_mce/themes/simple/img/icons.gif</filename>
		<filename>mostlyce/jscripts/tiny_mce/themes/simple/langs/en.js</filename>
		<filename>mostlyce/jscripts/tiny_mce/themes/simple/skins/default/content.css</filename>
		<filename>mostlyce/jscripts/tiny_mce/themes/simple/skins/default/ui.css</filename>
		<filename>mostlyce/jscripts/tiny_mce/themes/simple/skins/o2k7/content.css</filename>
		<filename>mostlyce/jscripts/tiny_mce/themes/simple/skins/o2k7/img/button_bg.png</filename>
		<filename>mostlyce/jscripts/tiny_mce/themes/simple/skins/o2k7/ui.css</filename>
		<filename>mostlyce/jscripts/tiny_mce/tiny_mce.js</filename>
		<filename>mostlyce/jscripts/tiny_mce/tiny_mce_gzip.js</filename>
		<filename>mostlyce/jscripts/tiny_mce/tiny_mce_gzip.php</filename>
		<filename>mostlyce/jscripts/tiny_mce/tiny_mce_popup.js</filename>
		<filename>mostlyce/jscripts/tiny_mce/tiny_mce_src.js</filename>
		<filename>mostlyce/jscripts/tiny_mce/utils/editable_selects.js</filename>
		<filename>mostlyce/jscripts/tiny_mce/utils/form_utils.js</filename>
		<filename>mostlyce/jscripts/tiny_mce/utils/mclayer.js</filename>
		<filename>mostlyce/jscripts/tiny_mce/utils/mctabs.js</filename>
		<filename>mostlyce/jscripts/tiny_mce/utils/validate.js</filename>
		<filename>mostlyce/lgpl.txt</filename>
		<filename>mostlyce/UserFiles.zip</filename>
	</files>
</mosinstall>