<?xml version="1.0" encoding="utf-8"?>
<install version="1.5" client="both" type="language">
    <name>Thai(ภาษาไทย)</name>
    <tag>th-TH</tag>
    <version>1.5.10</version>
    <creationDate>2009-03-28</creationDate>
    <author>JoomlaCorner</author>
    <authorEmail>info@joomlacorner.com</authorEmail>
    <authorUrl>www.joomlacorner.com</authorUrl>
    <copyright>Copyright (C) 2005 - 2009 Open Source Matters. All rights reserved.</copyright>
    <license>http://www.gnu.org/licenses/gpl-2.0.html GNU/GPL</license>
    <description>Thai language file for Joomla! 1.5.10  site and admin by JoomlaCorner.com</description>
    <administration>
      <files folder="admin">
        <filename>index.html</filename>
        <filename>th-TH.com_admin.ini</filename>
        <filename>th-TH.com_banners.ini</filename>
        <filename>th-TH.com_banners.menu.ini</filename>
        <filename>th-TH.com_cache.ini</filename>
        <filename>th-TH.com_categories.ini</filename>
        <filename>th-TH.com_checkin.ini</filename>
        <filename>th-TH.com_config.ini</filename>
        <filename>th-TH.com_contact.ini</filename>
        <filename>th-TH.com_contact.menu.ini</filename>
        <filename>th-TH.com_content.ini</filename>
        <filename>th-TH.com_cpanel.ini</filename>
        <filename>th-TH.com_frontpage.ini</filename>
        <filename>th-TH.com_installer.ini</filename>
        <filename>th-TH.com_languages.ini</filename>
        <filename>th-TH.com_login.ini</filename>
        <filename>th-TH.com_massmail.ini</filename>
        <filename>th-TH.com_media.ini</filename>
        <filename>th-TH.com_menus.ini</filename>
        <filename>th-TH.com_menus.menu.ini</filename>
        <filename>th-TH.com_messages.ini</filename>
        <filename>th-TH.com_modules.ini</filename>
        <filename>th-TH.com_newsfeeds.ini</filename>
        <filename>th-TH.com_newsfeeds.menu.ini</filename>
        <filename>th-TH.com_plugins.ini</filename>
        <filename>th-TH.com_poll.ini</filename>
        <filename>th-TH.com_poll.menu.ini</filename>
        <filename>th-TH.com_search.ini</filename>
        <filename>th-TH.com_search.menu.ini</filename>
        <filename>th-TH.com_sections.ini</filename>
        <filename>th-TH.com_statistics.ini</filename>
        <filename>th-TH.com_templates.ini</filename>
        <filename>th-TH.com_trash.ini</filename>
        <filename>th-TH.com_user.ini</filename>
        <filename>th-TH.com_users.ini</filename>
        <filename>th-TH.com_weblinks.ini</filename>
        <filename>th-TH.com_weblinks.menu.ini</filename>
        <filename>th-TH.com_wrapper.ini</filename>
        <filename>th-TH.ini</filename>
        <filename>th-TH.mod_components.ini</filename>
        <filename>th-TH.mod_custom.ini</filename>
		<filename>th-TH.mod_feed.ini</filename>
        <filename>th-TH.mod_footer.ini</filename>
        <filename>th-TH.mod_latest.ini</filename>
        <filename>th-TH.mod_logged.ini</filename>
        <filename>th-TH.mod_login.ini</filename>
        <filename>th-TH.mod_menu.ini</filename>
        <filename>th-TH.mod_online.ini</filename>
        <filename>th-TH.mod_popular.ini</filename>
        <filename>th-TH.mod_quickicon.ini</filename>
        <filename>th-TH.mod_stats.ini</filename>
        <filename>th-TH.mod_status.ini</filename>
        <filename>th-TH.mod_submenu.ini</filename>
        <filename>th-TH.mod_title.ini</filename>
        <filename>th-TH.mod_toolbar.ini</filename>
        <filename>th-TH.mod_unread.ini</filename>
        <filename>th-TH.plg_authentication_example.ini</filename>
        <filename>th-TH.plg_authentication_gmail.ini</filename>
        <filename>th-TH.plg_authentication_joomla.ini</filename>
        <filename>th-TH.plg_authentication_ldap.ini</filename>
        <filename>th-TH.plg_authentication_openid.ini</filename>
        <filename>th-TH.plg_content_code.ini</filename>
        <filename>th-TH.plg_content_emailcloak.ini</filename>
        <filename>th-TH.plg_content_geshi.ini</filename>
        <filename>th-TH.plg_content_image.ini</filename>
        <filename>th-TH.plg_content_loadmodule.ini</filename>
        <filename>th-TH.plg_content_pagebreak.ini</filename>
        <filename>th-TH.plg_content_pagenavigation.ini</filename>
        <filename>th-TH.plg_content_vote.ini</filename>
        <filename>th-TH.plg_editors-xtd_image.ini</filename>
        <filename>th-TH.plg_editors-xtd_pagebreak.ini</filename>
        <filename>th-TH.plg_editors-xtd_readmore.ini</filename>
        <filename>th-TH.plg_editors_none.ini</filename>
        <filename>th-TH.plg_editors_tinymce.ini</filename>
        <filename>th-TH.plg_editors_xstandard.ini</filename>
        <filename>th-TH.plg_search_categories.ini</filename>
        <filename>th-TH.plg_search_contacts.ini</filename>
        <filename>th-TH.plg_search_content.ini</filename>
        <filename>th-TH.plg_search_newsfeeds.ini</filename>
        <filename>th-TH.plg_search_sections.ini</filename>
        <filename>th-TH.plg_search_weblinks.ini</filename>
        <filename>th-TH.plg_system_backlink.ini</filename>
        <filename>th-TH.plg_system_cache.ini</filename>
        <filename>th-TH.plg_system_debug.ini</filename>
        <filename>th-TH.plg_system_legacy.ini</filename>
        <filename>th-TH.plg_system_sef.ini</filename>
        <filename>th-TH.plg_user_joomla.ini</filename>
        <filename>th-TH.plg_xmlrpc_blogger.ini</filename>
        <filename>th-TH.plg_xmlrpc_joomla.ini</filename>
        <filename>th-TH.tpl_beez.ini</filename>
        <filename>th-TH.tpl_khepri.ini</filename>
        <filename>th-TH.tpl_rhuk_milkyway.ini</filename>
        <filename>th-TH.tpl_ja_purity.ini</filename>
        <filename file="meta">th-TH.xml</filename>
    </files>
  </administration>
  <site>
      <files folder="site">
        <filename>index.html</filename>
        <filename>th-TH.com_banners.ini</filename>
        <filename>th-TH.com_contact.ini</filename>
        <filename>th-TH.com_content.ini</filename>
        <filename>th-TH.com_frontpage.ini</filename>
        <filename>th-TH.com_mailto.ini</filename>
        <filename>th-TH.com_messages.ini</filename>
        <filename>th-TH.com_newsfeeds.ini</filename>
        <filename>th-TH.com_poll.ini</filename>
        <filename>th-TH.com_search.ini</filename>
        <filename>th-TH.com_user.ini</filename>
        <filename>th-TH.com_weblinks.ini</filename>
        <filename>th-TH.com_wrapper.ini</filename>
        <filename>th-TH.ignore.php</filename>
        <filename>th-TH.ini</filename>
        <filename>th-TH.mod_archive.ini</filename>
        <filename>th-TH.mod_banners.ini</filename>
        <filename>th-TH.mod_breadcrumbs.ini</filename>
        <filename>th-TH.mod_custom.ini</filename>
        <filename>th-TH.mod_feed.ini</filename>
        <filename>th-TH.mod_footer.ini</filename>
        <filename>th-TH.mod_latestnews.ini</filename>
        <filename>th-TH.mod_login.ini</filename>
        <filename>th-TH.mod_mainmenu.ini</filename>
        <filename>th-TH.mod_mostread.ini</filename>
        <filename>th-TH.mod_newsflash.ini</filename>
        <filename>th-TH.mod_online.ini</filename>
        <filename>th-TH.mod_poll.ini</filename>
        <filename>th-TH.mod_random_image.ini</filename>
        <filename>th-TH.mod_related_items.ini</filename>
        <filename>th-TH.mod_search.ini</filename>
        <filename>th-TH.mod_sections.ini</filename>
        <filename>th-TH.mod_stats.ini</filename>
        <filename>th-TH.mod_syndicate.ini</filename>
        <filename>th-TH.mod_whosonline.ini</filename>
        <filename>th-TH.mod_wrapper.ini</filename>
		<filename>th-TH.plg_content_pagebreak.ini</filename>
        <filename>th-TH.plg_content_vote.ini</filename>
        <filename>th-TH.plg_search_categories.ini</filename>
        <filename>th-TH.plg_search_contacts.ini</filename>
        <filename>th-TH.plg_search_content.ini</filename>
        <filename>th-TH.plg_search_newsfeeds.ini</filename>
        <filename>th-TH.plg_search_sections.ini</filename>
        <filename>th-TH.plg_search_weblinks.ini</filename>
        <filename>th-TH.plg_system_debug.ini</filename>
        <filename>th-TH.tpl_beez.ini</filename>
        <filename>th-TH.tpl_rhuk_milkyway.ini</filename>
        <filename>th-TH.tpl_ja_purity.ini</filename>
        <filename file="meta">th-TH.xml</filename>
    </files>
  </site>
    <fonts>
        <filename>thsarabun.php</filename>
        <filename>thsarabun.z</filename>
        <filename>thsarabun.ctg.z</filename>
    </fonts>
  <params />
</install>