<?xml version="1.0" encoding="utf-8"?>
<!DOCTYPE install SYSTEM "http://dev.joomla.org/xml/1.5/component-install.dtd">
<install type="component" version="1.5.0">
	<name>Sweetykeeper</name>
	<creationDate>2008 12 01</creationDate>
	<author>JoomlaCorner</author>
	<authorEmail>dev@joomlacorner.com</authorEmail>
	<authorUrl>http://www.joomlacorner.com</authorUrl>
	<copyright>Copyright Info</copyright>
	<license>License Info</license>
	<version>Component Version String</version>
	<description>Sweety keeper game component ...</description>
	<files folder="site">
		<filename>index.html</filename>
		<filename>sweetykeeper.php</filename>
		<filename>controller.php</filename>
		<filename>views/index.html</filename>
		<filename>views/sweetykeeper/index.html</filename>
		<filename>views/sweetykeeper/magcartoon.png</filename>
		<filename>views/sweetykeeper/mambohub.png</filename>
		<filename>views/sweetykeeper/sweety_keeper39_sound1.swf</filename>
		<filename>views/sweetykeeper/view.html.php</filename>
		<filename>views/sweetykeeper/tmpl/index.html</filename>
		<filename>views/sweetykeeper/tmpl/default.php</filename>
		<filename>models/sweetykeeper.php</filename>
	</files>
	<administration>
		<menu>Sweety Keeper</menu>
		<files folder="admin">
			<filename>index.html</filename>
			<filename>admin.sweetykeeper.php</filename>
		</files>		
	</administration>
</install>
