<?xml version="1.0" encoding="utf-8"?>
<install type="module" version="1.5">
	<name>Track Thailandpost</name>
	<author>Joomla! Corner</author>
	<creationDate>February 2009</creationDate>
	<copyright>(C) 2005 Joomla! Corner</copyright>
	<license>http://www.gnu.org/licenses/gpl-2.0.html GNU/GPL</license>
	<authorEmail>dev@joomlacorner.com</authorEmail>
	<authorUrl>www.joomlacorner.com</authorUrl>
	<version>1.1.0</version>
	<description>This module will display a track thailandpost search box</description>
	<files>
		<filename module="mod_track_thailandpost">mod_track_thailandpost.php</filename>
		<filename module="mod_track_thailandpost">helper.php</filename>
		<filename module="mod_track_thailandpost">mod_track_thailandpost.xml</filename>
		<filename module="mod_track_thailandpost">index.html</filename>
		<filename module="mod_track_thailandpost">tmpl/default.php</filename>
		<filename module="mod_track_thailandpost">tmpl/track_thailandpost.gif</filename>
		<filename module="mod_track_thailandpost">tmpl/index.html</filename>
	</files>
	<params>
		<param name="moduleclass_sfx" type="text" default="" label="Module Class Suffix" description="PARAMMODULECLASSSUFFIX" />
		<param name="@spacer" type="spacer" default="" label="" description="" />
		<param name="display_image" type="radio" default="" label="Display Track &amp; Trace image" description="Use Track &amp; Trace image">
			<option value="">No</option>
			<option value="1">Yes</option>
		</param>
		<param name="width" type="text" default="18" label="Box Width" description="Size of the search text box" />
		<param name="text" type="text" default="" label="Text" description="PARAMTEXT" />
		<param name="@spacer" type="spacer" default="" label="" description="" />
		<param name="button" type="radio" default="" label="Search Button" description="Display a Search Button">
			<option value="">No</option>
			<option value="1">Yes</option>
		</param>
		<param name="button_pos" type="list" default="right" label="Button Position" description="Position of the button relative to the search box">
			<option value="right">Right</option>
			<option value="left">Left</option>
			<option value="top">Top</option>
			<option value="bottom">Bottom</option>
		</param>
		<param name="imagebutton" type="radio" default="" label="Search button as image" description="Use an image as button name is searchButton.gif in directory /images/M_images/">
			<option value="">No</option>
			<option value="1">Yes</option>
		</param>
		<param name="button_text" type="text" default="" label="Button Text" description="PARAMBUTTONTEXT" />
	</params>
	<params group="advanced">
		<param name="cache" type="list" default="1" label="Caching" description="Select whether to cache the content of this module">
			<option value="1">Use global</option>
			<option value="0">No caching</option>
		</param>
		<param name="cache_time" type="text" default="900" label="Cache Time" description="The time before the module is recached" />
	</params>
</install>