<?xml version="1.0" encoding="utf-8"?>
<install type="module" version="1.5.0">
    <name>Thai Market Index</name>
    <author>Konlungkao@Laithai </author>
	<creationDate>February 2009</creationDate>
	<authorEmail>pisan@joomla.or.th</authorEmail>
	<authorUrl>www.joomla.or.th</authorUrl>
    <version>1.0</version>
    <description><![CDATA[
                        <h1>Thai Market Index (version for Joomla 1.5) Success Install</h1>
                        <br />
                        Donate for Open Source Development 
						<br />http://www.joomlacorner.com
						<br />http://www.joomla.org
						]]></description>
    <files>
        <filename module="mod_market_index">mod_market_index.php</filename>
        <filename>index.html</filename>
        <filename>helper.php</filename>
        <filename>tmpl/default.php</filename>
        <filename>tmpl/index.html</filename>
    </files>
    <params>
    </params>
</install>