<?xml version="1.0" encoding="iso-8859-1"?>
<mosinstall type="module" version="4.6">
	<name>Latest News</name>
	<author>Mambo Foundation</author>
	<creationDate>August 2006</creationDate>
	<copyright>copyright (C) 2000 - 2007 Mambo Foundation Inc.</copyright>
	<license>http://www.opensource.org/licenses/gpl-license.php GNU/GPL v.2</license>
	<authorEmail>core@mambo-foundation.org</authorEmail>
	<authorUrl>mambo-foundation.org</authorUrl>
	<version>4.6.x.7</version>
	<description>This module shows a list of the most recently published Items that are still current (some may have expired even though they are the most recent). Items that are displayed on the Front Page Component are not included in the list.</description>
	<files>
		<filename module="mod_latestnews">mod_latestnews.php</filename>
		<filename>mod_latestnews.xml</filename>
	</files>
	<params>
		<param name="moduleclass_sfx" type="text" default="" label="Module Class Suffix" description="A suffix to be applied to the css class of the module (table.moduletable), this allows individual module styling" />
		<param name="@spacer" type="spacer" default="" label="" description="" />
		<param name="cache" type="radio" default="0" label="Enable Cache" description="Select whether to cache the content of this module">
			<option value="0">No</option>
			<option value="1">Yes</option>
		</param>
		<param name="@spacer" type="spacer" default="" label="" description="" />
		<param name="type" type="list" default="0" label="Module Mode" description="Allows you to control which type of Content to display in the module">
			<option value="1">Content Items only</option>
			<option value="2">Static Content only</option>
			<option value="3">Both</option>
		</param>
		<param name="@spacer" type="spacer" default="" label="" description="" />
		<param name="show_front" type="radio" default="1" label="Frontpage Items" description="Show/Hide items designated for the Frontpage - only works when in Content Items only mode">
			<option value="1">show</option>
			<option value="0">hide</option>
		</param>
		<param name="count" type="text" default="5" label="Count" description="The number of items to display (default 5)" />
		<param name="catid" type="text" default="" label="Category ID" description="Selects items from a specific Category or set of Categories (to specify more than one Category, seperate with a comma , )." />
		<param name="secid" type="text" default="" label="Section ID" description="Selects items from a specific Secion or set of Sections (to specify more than one Section, seperate with a comma , )." />
	</params>
</mosinstall>
