<?xml version="1.0" encoding="iso-8859-1"?>
<mosinstall type="module" version="4.5.2">
	<name>Statistics</name>
	<author>Mambo Foundation</author>
	<creationDate>July 2004</creationDate>
	<copyright>copyright (C) 2000 - 2007 Mambo Foundation Inc.</copyright>
	<license>http://www.opensource.org/licenses/gpl-license.php GNU/GPL v.2</license>
	<authorEmail>core@mambo-foundation.org</authorEmail>
	<authorUrl>mambo-foundation.org</authorUrl>
	<version>4.6.x.7</version>
	<description>The Statistics module shows information about your server installation and statistics on the web site users, number of contents in your database, and number of web links you provide.</description>
	<files>
		<filename module="mod_stats">mod_stats.php</filename>
	</files>
	<params>
		<param name="serverinfo" type="radio" default="0" label="Server Info" description="Display server information">
			<option value="1">Yes</option>
			<option value="0">No</option>
		</param>
		<param name="siteinfo" type="radio" default="0" label="Site Info" description="Display site information">
			<option value="1">Yes</option>
			<option value="0">No</option>
		</param>
		<param name="counter" type="radio" default="0" label="Hit Counter" description="Display hit counter">
			<option value="1">Yes</option>
			<option value="0">No</option>
		</param>
		<param name="increase" type="text" default="0" label="Increase counter" description="Enter the amount of hits to increase counter by" />
		<param name="moduleclass_sfx" type="text" default="" label="Module Class Suffix" description="A suffix to be applied to the css class of the module (table.moduletable), this allows individual module styling" />
	</params>
</mosinstall>
