<?xml version="1.0" encoding="iso-8859-1"?>
<mosinstall type="module" version="4.6">
	<name>Related Items</name>
	<author>Mambo Foundation</author>
	<creationDate>August 2006</creationDate>
	<copyright>copyright (C) 2000 - 2007 Mambo Foundation Inc.</copyright>
	<license>http://www.opensource.org/licenses/gpl-license.php GNU/GPL v.2</license>
	<authorEmail>core@mambo-foundation.org</authorEmail>
	<authorUrl>mambo-foundation.org</authorUrl>
	<version>4.6.x.7</version>
	<description>This module displays other Content Items that are related to the Item currently displayed. These are based on the keywords Metadata. All the keywords of the current Content Item are searched against all the keywords of all other published items. For example, you may have an Item on 'Breeding Parrots' and you may have another on 'Hand Raising Black Cockatoos'. If you include the keyword 'parrot' in both Items, then the Related Items module will list the 'Breeding Parrots' Item when viewing 'Hand Raising Black Cockatoos' and vice-versa.</description>
	<files>
	<filename module="mod_related_items">mod_related_items.php</filename>
	<filename>mod_related_items.xml</filename>
	</files>
	<params>
		<param name="cache" type="radio" default="0" label="Enable Cache" description="Select whether to cache the content of this module">
			<option value="0">No</option>
			<option value="1">Yes</option>
		</param>
		<param name="moduleclass_sfx" type="text" default="" label="Module Class Suffix" description="A suffix to be applied to the css class of the module (table.moduletable), this allows individual module styling" />
	</params>
</mosinstall>
