<?xml version="1.0" encoding="iso-8859-1"?>
<mosinstall version="4.5.2" type="mambot" group="editors-xtd">
	<name>mospage.btn</name>
	<author>Mambo Foundation</author>
	<creationDate>August 2004</creationDate>
	<copyright>copyright (C) 2000 - 2007 Mambo Foundation Inc.</copyright>
	<license>http://www.opensource.org/licenses/gpl-license.php GNU/GPL v.2</license>
	<authorEmail>core@mambo-foundation.org</authorEmail>
	<authorUrl>mambo-foundation.org</authorUrl>
	<version>4.6.x.7</version>
	<description>Provides button to insert {mospagebreak} into content edit box</description>
	<files>
		<filename mambot="mospage.btn">mospage.btn.php</filename>
	</files>
</mosinstall>
