<?xml version="1.0" encoding="utf-8"?>
<metafile version="1.5" client="administrator">
    <name>Thai (ภาษาไทย)</name>
    <version>1.5.10</version>
    <creationDate>2009-03-28</creationDate>
    <author>Joomla! LaiThai Project</author>
    <authorEmail>info@joomlacorner.com</authorEmail>
    <authorUrl>www.joomlacorner.com</authorUrl>
    <copyright>Copyright (C) 2005 - 2009 Open Source Matters. All rights reserved.</copyright>
    <license>http://www.gnu.org/licenses/gpl-2.0.html GNU/GPL</license>
    <description> Thai language file for Joomla! 1.5.10  administrator by LaiThai Team </description>
    <metadata>
    	<name>Thai (ภาษาไทย)</name>
    	<tag>th-TH</tag>
    	<rtl>0</rtl>
    	<locale>th_TH.UTF-8,th_TH</locale>
   		<winCodePage>utf-8</winCodePage>
    	<backwardLang>thai</backwardLang>
    </metadata>
    <params />
</metafile>